{
  "data_source": "synthetic sample",
  "degree": 3,
  "target_vm": 0.9,
  "ideal_ratio_wn_wp": 3.2070507949662392,
  "ideal_ratio_wp_wn": 0.3118129596106154,
  "predicted_vm_at_ideal": 0.8992694423690111,
  "rmse": 0.01942593414263305
}